Rank,Name,Uploads,Subscribers,Views
1,T-Series,"14,299",132M,"102,964,178,912"
2,YouTube Movies,N/A,106M,N/A
3,Gaming,N/A,83.8M,N/A
4,Sports,N/A,75.3M,N/A
5,5-Minute Crafts,"3,911",65.1M,"17,254,122,788"
6,Music,N/A,109M,N/A
7,PewDiePie,"4,089",103M,"24,897,919,154"
8,Cocomelon - Nursery Rhymes,510,75.8M,"54,110,586,143"
9,SET India,"36,574",67.3M,"50,296,183,689"
10,Canal KondZilla,"1,360",56.3M,"29,025,526,367"
11,WWE,"46,590",55.8M,"40,254,552,936"
12,Zee Music Company,"4,673",51.8M,"24,425,675,337"
13,Dude Perfect,227,49.8M,"10,156,040,096"
14,Ed Sheeran,161,43.8M,"19,452,474,651"
15,Badabun,"5,231",42.7M,"15,735,603,123"
16,EminemMusic,134,41.7M,"871,896,428"
17,Ariana Grande,171,40.1M,"985,263,156"
18,JuegaGerman,"1,687",38.5M,"10,691,474,493"
19,elrubiusOMG,826,37.2M,"8,452,340,926"
20,Katy Perry,103,36.5M,"365,917,914"
21,Vlad and Nikita,211,35.9M,"16,869,570,162"
22,Movieclips,"35,116",34.9M,"33,725,472,519"
23,News,N/A,34.1M,N/A
24,BRIGHT SIDE,"3,159",33.7M,"6,462,341,927"
25,Shemaroo Filmi Gaane,"6,727",33.5M,"16,098,967,034"
26,Alan Walker,216,33.1M,"7,787,258,031"
27,Wave Music,"17,771",32.5M,"21,991,563,974"
28,Você Sabia?,"1,031",32.4M,"4,428,276,863"
29,Sony Music India,"2,585",31.5M,"12,865,863,692"
30,One Direction,157,30.7M,"363,074,335"
31,Pinkfong! Kids' Songs & Stories,"1,511",30.4M,"12,739,001,476"
32,Maroon 5,157,30M,"320,359,252"
33,Popular on YouTube,N/A,29.6M,N/A
34,VEGETTA777,"5,809",29.1M,"11,965,074,365"
35,Speed Records,"7,934",28.8M,"14,798,876,255"
36,SAB TV,"23,528",28.5M,"24,580,398,133"
37,Daddy Yankee,352,28.4M,"10,325,743,703"
38,Trap Nation,"1,870",28.3M,"10,435,185,501"
39,Aaj Tak,"100,948",28.2M,"8,454,515,622"
40,Billie Eilish,27,27.7M,"608,998,826"
41,T-Series Bhakti Sagar,"20,680",27.4M,"11,421,529,787"
42,Like Nastya Show,290,26.9M,"9,723,641,313"
43,Spinnin' Records,"9,424",26.8M,"16,061,827,818"
44,Tips Official,"2,757",26.6M,"11,758,760,869"
45,rezendeevil,"8,726",26.4M,"9,852,640,391"
46,ABS-CBN Entertainment,"140,052",25.7M,"34,482,289,450"
47,Little Baby Bum - Nursery Rhymes &…,"1,144",25.7M,"23,293,040,506"
48,LooLoo Kids - Nursery Rhymes and C…,450,25.5M,"10,810,290,506"
49,Billion Surprise Toys - BST Kids S…,194,25.2M,"6,891,080,922"
50,Markiplier,"4,622",25.1M,"12,640,182,771"
51,Smosh,"1,108",25.1M,"9,339,726,045"
52,VanossGaming,"1,142",24.9M,"12,267,796,842"
53,Yuya,633,24.3M,"2,478,323,832"
54,The Tonight Show Starring Jimmy Fa…,"5,915",24.3M,"13,585,475,494"
55,Boram Tube Vlog [보람튜브 브�…,223,23.8M,"9,287,767,529"
56,Colors TV,"37,234",23.6M,"17,445,755,018"
57,shane,"1,685",23.2M,"5,513,915,230"
58,CVS 3D Rhymes & Kids Songs,338,23.1M,"13,804,008,508"
59,Maluma,8,23M,"329,641,076"
60,WORLDSTARHIPHOP,"4,777",23M,"15,130,803,062"
61,enchufetv,"1,307",22.7M,"8,320,479,721"
62,DanTDM,"3,325",22.5M,"16,258,391,556"
63,WatchMojo.com,"17,849",22M,"13,185,131,111"
64,Ch3Thailand,"69,371",21.8M,"16,328,455,152"
65,Kimberly Loaiza,113,21.7M,"1,543,490,666"
66,SMTOWN,"3,505",21.6M,"15,856,492,297"
67,T-Series Apna Punjab,"4,668",21.5M,"11,029,217,978"
68,Atta Halilintar,752,21.4M,"2,130,507,999"
69,Ultra Bollywood,"10,559",21.4M,"11,836,178,999"
70,David Guetta,529,21.3M,"12,328,070,567"
71,KSI,"1,211",21.1M,"5,202,066,760"
72,Galinha Pintadinha,51,20.9M,"14,470,002,243"
73,Infobells - Hindi,326,20.8M,"10,240,838,364"
74,Wiz Khalifa,487,20.7M,"9,600,821,025"
75,Gaane Sune Ansune,"2,443",20.5M,"9,192,271,056"
76,NickyJamTV,247,20.3M,"12,800,860,119"
77,Beyoncé,223,20.2M,"855,105,951"
78,Drake,51,20M,"416,462,994"
79,BuzzFeedVideo,"6,674",20M,"16,586,782,573"
80,La Granja de Zenón,263,19.8M,"10,493,307,031"
81,ABP NEWS,"140,750",19.6M,"4,993,270,843"
82,CanalCanalha,229,19.5M,"1,462,986,186"
83,Toys and Colors,402,19.3M,"13,749,294,057"
84,Rajshri,"5,590",19.3M,"10,108,898,201"
85,Vevo,"1,550",19.2M,"562,676,556"
86,shakiraVEVO,165,19M,"17,457,658,879"
87,DrossRotzank,"1,318",18.9M,"4,343,535,203"
88,Enrique Iglesias,360,18.8M,"833,903,733"
89,ChrisBrownTV,18,18.6M,"34,705,754"
90,Juan De Dios Pantoja,190,18.5M,"1,487,080,208"
91,ArianaGrandeVevo,111,18.4M,"13,671,526,190"
92,Like Nastya ESP,249,18.3M,"6,143,593,864"
93,The ACE Family,513,18.1M,"3,510,996,297"
94,GMM GRAMMY OFFICIAL,"7,656",17.9M,"17,477,220,129"
95,DJ Snake,167,17.8M,"102,677,572"
96,shfa,480,17.8M,"7,275,328,678"
97,Tasty,"3,856",17.6M,"4,004,536,598"
98,The Weeknd,69,17.6M,"913,457,542"
99,Post Malone,34,17.4M,"1,535,003,673"
100,Maria Clara & JP,461,17.1M,"6,681,912,174"
101,Calvin Harris,70,17.1M,"147,644,874"
102,James Charles,258,17M,"1,944,430,238"
103,Lil pump,42,16.8M,"3,417,057,626"
104,Sia,65,16.8M,"243,860,275"
105,Mister Max,727,16.8M,"8,749,444,270"
106,Renato Garcia,"2,174",16.8M,"2,755,600,144"
107,netd müzik,"12,207",16.6M,"34,488,177,558"
108,Werevertumorro,"1,051",16.6M,"2,708,253,012"
109,5-Minute Crafts PLAY,"2,029",16.4M,"3,481,205,931"
110,Jimmy Kimmel Live,"4,638",16.4M,"9,542,855,557"
111,Totoykids,774,16.4M,"7,442,167,900"
112,Coldplay,264,16.3M,"10,017,383,985"
113,Porta dos Fundos,"1,393",16.3M,"5,686,019,477"
114,toycantando,366,16.3M,"7,915,716,936"
115,Caeli,526,16.2M,"1,485,010,919"
116,Doggy Doggy Cartoons,"2,644",16.1M,"5,860,536,667"
117,Demi Lovato,192,16.1M,"408,493,938"
118,KHANDESHI MOVIES,118,16M,"4,899,142,271"
119,Lele Pons,145,15.9M,"3,656,475,785"
120,Becky G,56,15.7M,"36,161,715"
121,AdeleVEVO,31,15.7M,"8,711,104,062"
122,Like Nastya Vlog,240,15.6M,"5,189,535,481"
123,Linkin Park,492,15.6M,"7,999,299,920"
124,Toys And Little Gaby,308,15.5M,"6,582,281,625"
125,Lady Gaga,165,15.5M,"120,432,792"
126,America's Got Talent,"2,278",15.3M,"3,311,233,361"
127,Marília Mendonça,88,15.3M,"9,699,380,836"
128,Clash of Clans,369,15.2M,"2,266,575,367"
129,Kids TV - Nursery Rhymes And Baby …,"2,598",15.1M,"6,265,797,861"
130,GMA Network,"84,090",15.1M,"15,302,641,226"
131,Bollywood Classics,"1,816",15.1M,"8,081,605,251"
132,Jkk Entertainment,124,15M,"5,245,085,452"
133,jypentertainment,"1,077",15M,"8,331,441,856"
134,Reaction Time,"1,661",15M,"4,673,246,443"
135,Paulo Londra,41,15M,"3,735,991,507"
136,TheDonato,"1,053",14.9M,"1,937,235,270"
137,JFlaMusic,250,14.9M,"2,708,696,142"
138,RsiamMusic : อาร์สยา…,"2,037",14.9M,"9,252,609,415"
139,Romeo Santos,15,14.8M,"350,471,311"
140,ExtraPolinesios,401,14.8M,"3,749,405,367"
141,Infinite,"1,021",14.6M,"2,377,981,323"
142,MalumaVEVO,112,14.6M,"13,125,957,190"
143,Venus Movies,"2,734",14.5M,"5,453,219,563"
144,Movieclips Trailers,"8,306",14.5M,"11,377,719,893"
145,Peppa Pig - Official Channel,829,14.4M,"8,773,475,368"
146,Rclbeauty101,437,14.4M,"3,597,988,711"
147,HowToBasic,514,14.3M,"2,429,708,223"
148,Sesame Street,"2,954",14.3M,"11,736,824,270"
149,Musas,555,14.2M,"1,950,423,246"
150,DisneyChannelLA,"3,923",14.1M,"9,888,323,824"
151,TheOdd1sOut,115,14.1M,"2,847,135,225"
152,Boram Tube ToysReview [보람튜�…,278,14M,"4,483,064,770"
153,TheRichest,"2,487",14M,"5,125,182,397"
154,Wengie,284,14M,"1,633,647,615"
155,الريماس - AlRemas,"1,904",13.9M,"8,485,128,636"
156,Marvel Entertainment,"6,664",13.8M,"3,190,247,265"
157,Desi Music Factory,83,13.7M,"2,741,160,574"
158,Anitta,59,13.7M,"4,531,050,469"
159,National Geographic,"9,278",13.6M,"3,598,541,528"
160,GEN HALILINTAR,690,13.6M,"2,511,482,354"
161,NBA,"33,267",13.6M,"6,704,080,801"
162,INCRÍVEL,"3,147",13.5M,"1,720,940,597"
163,White Hill Music,"3,959",13.5M,"4,913,091,787"
164,Miley Cyrus,78,13.5M,"383,444,264"
165,Rotana,"7,435",13.5M,"8,973,454,583"
166,IDEAS EN 5 MINUTOS,"3,168",13.4M,"2,512,713,281"
167,The Slow Mo Guys,267,13.4M,"1,977,954,937"
168,Jingle Toons,203,13.3M,"4,405,375,638"
169,BeyoncéVEVO,141,13.3M,"10,587,313,530"
170,Martin Garrix,149,13.3M,"4,065,783,574"
171,SSundee,"2,363",13.3M,"5,962,145,278"
172,Mnet K-POP,"18,712",13.2M,"8,173,764,447"
173,Manual do Mundo,"1,555",13.2M,"2,340,024,779"
174,IGN,"136,715",13.1M,"10,148,596,023"
175,TRANS7 OFFICIAL,"47,862",13.1M,"5,533,504,250"
176,Major Lazer,322,13.1M,"7,057,157,625"
177,Netflix,"3,590",13.1M,"2,666,388,364"
178,Fifth Harmony,67,13.1M,"135,095,713"
179,Gordon Ramsay,850,13M,"2,284,766,342"
180,TheGrefg,"2,719",13M,"3,578,193,329"
181,Sebastián Yatra,65,13M,"496,776,108"
182,les boys tv2,171,12.8M,"3,750,345,233"
183,Lyrical Lemonade,352,12.8M,"4,820,416,140"
184,Sandra Cires Art,815,12.8M,"2,165,719,145"
185,Fueled By Ramen,"1,143",12.8M,"10,186,745,295"
186,LEGENDA FUNK,"4,985",12.7M,"2,763,284,776"
187,Мирошка ТВ,13,12.7M,"2,828,038,069"
188,Mariale,"1,052",12.7M,"1,324,880,181"
189,LazarBeam,"1,161",12.7M,"4,470,701,433"
190,Got Talent Global,"1,562",12.6M,"4,836,268,237"
191,Jennifer Lopez,131,12.6M,"260,586,963"
192,Troom Troom Es,"1,264",12.6M,"3,415,898,320"
193,Lachlan,"3,330",12.5M,"3,754,664,121"
194,Peppa Pig Español Latino - Canal …,512,12.5M,"2,742,700,241"
195,Kaykai Salaider,296,12.5M,"2,506,700,691"
196,Aditya Music,"16,642",12.4M,"8,308,761,931"
197,Matheus Yurley,221,12.3M,"654,171,697"
198,ChrisBrownVEVO,233,12.3M,"9,388,813,516"
199,FitDance,"1,532",12.3M,"4,218,840,818"
200,GRAMMY GOLD OFFICIAL,"3,812",12.3M,"11,384,673,395"
201,Lindsey Stirling,130,12.3M,"2,855,729,611"
202,The King of Random,"1,107",12.2M,"2,835,366,019"
203,H2ODelirious,"2,068",12.2M,"3,238,632,443"
204,MrSuicideSheep,"2,539",12.2M,"5,397,290,713"
205,Masha y el Oso,369,12.2M,"4,174,933,909"
206,XpressTV,366,12.1M,"2,307,469,634"
207,Kwebbelkop,"4,228",12.1M,"4,955,592,008"
208,Познаватель,369,12.1M,"4,762,587,833"
209,Machinima,N/A,12.1M,N/A
210,Tlnovelas,"16,280",12.1M,"6,253,548,633"
211,Cardi B,39,12.1M,"3,677,121,750"
212,BIGBANG,773,12M,"5,718,630,261"
213,Preston,"3,647",12M,"3,829,470,164"
214,CaseyNeistat,"1,029",11.9M,"2,781,417,205"
215,PDK Films,141,11.9M,"2,792,326,119"
216,infobells - Telugu,302,11.9M,"5,498,495,135"
217,NORMAN FAIT DES VIDÉOS,178,11.9M,"2,371,700,872"
218,AdMe.ru - Сайт о творче…,"2,842",11.9M,"2,431,339,846"
219,Super Polina,380,11.8M,"3,502,234,088"
220,ChainsmokersVEVO,188,11.8M,"9,612,485,048"
221,Invento na Hora,752,11.8M,"2,306,307,397"
222,DemiLovatoVEVO,168,11.7M,"4,747,562,427"
223,TazerCraft,"3,280",11.7M,"4,124,307,761"
224,El Reino a Jugar,470,11.7M,"5,675,461,223"
225,Matt Steffanina,337,11.6M,"2,118,722,613"
226,#Refugio Mental,421,11.6M,"2,451,479,053"
227,Tfue,625,11.5M,"1,201,413,069"
228,Wassabi,992,11.5M,"4,332,131,267"
229,حقائق وأسرار,859,11.4M,"1,567,239,728"
230,Dani Russo Tv,189,11.4M,"537,830,258"
231,Sky Does Everything,"2,068",11.4M,"3,862,644,232"
232,Zoella,377,11.4M,"1,115,929,932"
233,Nao FunFun,416,11.3M,"7,491,718"
234,CrazyRussianHacker,"1,507",11.3M,"2,762,604,601"
235,حِرف إبداعية في 5 د�…,"2,912",11.3M,"2,712,475,856"
236,Live,N/A,11.2M,N/A
237,AviciiOfficialVEVO,135,11.2M,"6,958,160,677"
238,Masha e o Urso,385,11.2M,"3,530,780,984"
239,Camila Loures,"1,514",11.2M,"2,103,956,955"
240,TV Shows,N/A,11.2M,N/A
241,ShawnMendesVEVO,120,11.1M,"7,737,288,819"
242,Voot Kids,"1,410",11.1M,"3,241,570,895"
243,JesseAndMike,471,11.1M,"7,229,889,612"
244,Indosiar,"39,476",11.1M,"6,212,919,977"
245,theRadBrad,"6,595",11.1M,"4,564,210,547"
246,ExpCaseros,772,11M,"2,203,803,268"
247,Bela Bagunça,701,11M,"2,267,955,496"
248,5incominutos,289,10.9M,"836,234,143"
249,TED-Ed,"1,645",10.9M,"1,759,669,479"
250,Matt Stonie,350,10.9M,"2,008,606,358"
251,Mark Rober,79,10.9M,"1,162,202,541"
252,Raffy Tulfo in Action,"4,330",10.9M,"5,549,241,821"
253,PlayHard,"1,728",10.8M,"1,375,705,689"
254,Bie The Ska,990,10.8M,"3,292,094,937"
255,HaerteTest,482,10.8M,"1,663,557,089"
256,MrGear,693,10.8M,"2,776,629,735"
257,★ Kids Roma Show,462,10.8M,"2,799,947,271"
258,zayn,13,10.7M,"62,823,324"
259,dangmattsmith,693,10.7M,"1,703,730,824"
260,Ranz Kyle,305,10.7M,"998,507,805"
261,Its JoJo Siwa,562,10.7M,"2,890,429,220"
262,Galo Frito,442,10.7M,"1,800,442,338"
263,Dolan Twins,258,10.7M,"1,655,047,749"
264,YOLO,109,10.6M,"657,639,143"
265,Gibby :),152,10.6M,"2,122,733,369"
266,Henrique e Juliano,193,10.6M,"7,231,412,950"
267,Jesse,259,10.6M,"2,109,659,351"
268,"SaraBeautyCorner - DIY, Comedy, Ma…",115,10.6M,"2,028,239,116"
269,Diana Kids Stories,147,10.5M,"3,164,892,280"
270,Alan Becker,97,10.5M,"1,554,334,167"
271,Vijay Television,"22,855",10.5M,"7,878,784,818"
272,Ya - Alisa,108,10.5M,"1,575,726,494"
273,Atlantic Records,"1,068",10.5M,"8,859,774,910"
274,MileyCyrusVEVO,67,10.5M,"3,904,003,390"
275,luzugames,"2,583",10.4M,"1,724,630,920"
276,Mejores Juguetes,"1,328",10.4M,"6,338,618,630"
277,twenty one pilots,114,10.4M,"2,269,312,748"
278,AdamThomasMoran,543,10.3M,"2,204,030,762"
279,Linus Tech Tips,"4,920",10.3M,"3,416,691,630"
280,Juliana Baltar,678,10.3M,"2,101,758,220"
281,Robin Hood Gamer,"2,742",10.3M,"2,673,204,805"
282,VitalyzdTv,352,10.3M,"1,699,924,162"
283,CarryMinati,165,10.2M,"955,531,731"
284,Juanpa Zurita,194,10.2M,"631,358,573"
285,Трум Трум,"1,187",10.2M,"3,666,056,278"
286,It's Mamix,122,10.1M,"890,144,696"
287,Coisa de Nerd,"1,892",10.1M,"2,861,739,978"
288,Primitive Technology,51,10M,"850,002,792"
289,Talking Angela,136,10M,"2,164,628,544"
290,BuzzFeed Multiplayer,"1,868",10M,"5,141,713,583"
291,Bethany Mota,424,10M,"986,245,795"
292,Toys And Funny Kids Play Doh Carto…,"4,255",10M,"3,184,143,581"
293,DALLMYD,524,9.96M,"1,061,997,733"
294,Health Time,572,9.94M,"631,796,092"
295,Saturday Night Live,"7,249",9.93M,"8,796,824,528"
296,Pop Chartbusters,"1,947",9.92M,"4,776,795,717"
297,Emiway Bantai,113,9.9M,"1,201,561,730"
298,melanie martinez,87,9.88M,"1,907,997,653"
299,Área Secreta,"1,114",9.86M,"1,337,168,883"
300,Avril Lavigne,118,9.83M,"250,583,669"
301,TheSyndicateProject,"3,356",9.83M,"2,093,696,083"
302,Cut,"1,220",9.81M,"3,658,915,191"
303,Migos ATL,67,9.78M,"2,269,127,768"
304,SonyMusicSouthVEVO,"3,863",9.78M,"7,427,842,864"
305,Baim Paula,479,9.76M,"1,191,759,756"
306,LA DIVAZA,137,9.74M,"687,342,008"
307,Ray William Johnson,817,9.72M,"3,010,095,784"
308,Tanner Fox,"1,197",9.69M,"1,921,940,999"
309,Team Films Bhojpuri,"19,922",9.65M,"4,126,072,326"
310,HellomaphieMX,284,9.64M,"1,015,437,470"
311,DrakeVEVO,38,9.62M,"5,951,202,530"
312,PlayStation,"12,482",9.57M,"2,559,755,919"
313,Gallina Pintadita,42,9.56M,"6,575,547,405"
314,Rooster Teeth,"8,360",9.53M,"6,020,154,680"
315,luisitorey,654,9.51M,"1,758,275,395"
316,Rayito,392,9.49M,"900,095,434"
317,Niana Guerrero,199,9.47M,"645,369,599"
318,El Rincón De Giorgio,543,9.45M,"1,175,162,485"
319,ATHLEAN-X™,"1,096",9.44M,"1,418,494,517"
320,Ei Nerd,"2,717",9.43M,"1,687,600,368"
321,Маша та Ведмідь,584,9.41M,"3,781,645,301"
322,Joey Graceffa,"1,997",9.35M,"2,041,314,434"
323,Jigar Music,7,9.32M,"71,115"
324,Ch7HD,"22,960",9.3M,"5,800,262,359"
325,Kluna Tik,194,9.29M,"3,065,982,625"
326,Toys Make Me Smile,97,9.29M,"3,153,899,198"
327,SBT Online,"24,050",9.28M,"2,569,480,188"
328,Niki and Gabi,449,9.26M,"1,192,794,744"
329,Comedy Central,"5,252",9.25M,"4,630,053,684"
330,Sony PAL,"11,647",9.24M,"4,471,063,411"
331,DJ Khaled,14,9.22M,"3,537,390"
332,Red Bull,"5,414",9.22M,"2,175,681,838"
333,Pen Movies,717,9.21M,"2,256,220,916"
334,Dalas Review,955,9.19M,"2,086,238,113"
335,AsapSCIENCE,333,9.18M,"1,357,550,858"
336,Johny FamilyShow,231,9.17M,"3,453,623,300"
337,Family Fun Pack,"1,682",9.16M,"12,890,170,892"
338,Karina Garcia,380,9.13M,"1,509,006,808"
339,GMM25Thailand,"25,174",9.11M,"6,021,950,707"
340,Wismichu,361,9.08M,"1,372,051,377"
341,The Q,176,9.05M,"2,500,051,481"
342,Lokdhun Punjabi,"1,383",9.04M,"2,781,060,080"
343,RomeoSantosVEVO,161,9.01M,"9,320,821,613"
344,Awakening Music,593,9M,"3,570,905,865"
345,TRANS TV Official,"42,127",8.99M,"4,639,110,537"
346,Tomorrowland,"1,352",8.95M,"1,448,182,705"
347,50 Cent,398,8.94M,"931,576,440"
348,Programa Pânico,"3,381",8.94M,"3,292,801,358"
349,Neha Kakkar,85,8.92M,"775,356,597"
350,HelloMaphie,480,8.91M,"1,899,200,328"
351,YaoTube,8,8.91M,"95,389"
352,نيكيتا وفلاد,121,8.87M,"2,682,878,424"
353,Little Angel Español - Canciones …,233,8.84M,"2,700,580,126"
354,DuDuPopTOY,"1,276",8.83M,"3,901,448,286"
355,ZHC,304,8.83M,"651,862,298"
356,Shemaroo Movies,803,8.82M,"2,359,947,728"
357,Jen Smith,"1,899",8.81M,"2,970,209,848"
358,Mo Vlogs,"1,592",8.8M,"2,265,311,704"
359,CNN,"147,774",8.79M,"6,195,724,075"
360,Arif muhammad,158,8.75M,"1,396,474,349"
361,Caracol Raivoso,98,8.73M,"477,216,148"
362,My Mate Nate,929,8.72M,"1,750,684,027"
363,Google,"2,308",8.71M,"2,633,197,730"
364,HoomanTV,67,8.7M,"1,516,862,097"
365,emma chamberlain,232,8.69M,"1,016,435,576"
366,LipaoGamer,"8,603",8.69M,"2,296,926,911"
367,UFC - Ultimate Fighting Championsh…,"8,569",8.69M,"2,626,327,973"
368,Lizbeth Rodriguez,173,8.68M,"539,561,231"
369,MiawAug,"2,216",8.68M,"2,027,812,611"
370,Chiko TV,157,8.66M,"1,328,660,133"
371,FROST,"1,624",8.66M,"3,220,349,139"
372,Mari Maria,652,8.64M,"638,174,862"
373,GoPro,"2,151",8.63M,"2,438,691,864"
374,LEGO,"21,780",8.61M,"10,485,230,412"
375,Naz | ناز,554,8.58M,"1,199,466,101"
376,Clean Bandit,95,8.58M,"5,427,648,886"
377,Maymo,352,8.56M,"3,248,580,263"
378,UnspeakableGaming,"2,208",8.56M,"3,202,486,394"
379,Proximity,"1,522",8.55M,"3,761,197,916"
380,PlaticaPolinesia,15,8.54M,"239,478,252"
381,Raditya Dika,"1,103",8.52M,"1,311,934,738"
382,QPark,290,8.49M,"829,719,154"
383,ولاية بطيخ | Melon City S…,937,8.48M,"3,081,006,580"
384,Jass Records,"3,473",8.47M,"2,974,688,985"
385,SAS-ASMR,935,8.47M,"1,956,479,804"
386,MeghanTrainorVEVO,99,8.45M,"6,001,727,532"
387,First We Feast,514,8.44M,"1,353,233,207"
388,Miniminter,"1,679",8.44M,"3,068,045,029"
389,grav3yardgirl,"1,552",8.43M,"1,558,028,824"
390,FIFATV,"8,324",8.42M,"2,655,166,232"
391,はじめしゃちょー（hajime�…,"2,096",8.41M,"7,016,965,744"
392,TV Ana Emilia,215,8.37M,"2,311,486,246"
393,SuperMarioLogan,534,8.37M,"5,417,713,029"
394,Sonotek Haryanvi,"3,159",8.36M,"648,476,119"
395,So Yummy,314,8.35M,"2,210,533,918"
396,TsMadaan,"1,584",8.35M,"902,418,209"
397,Fortnite,363,8.34M,"1,082,283,216"
398,KSIOlajidebtHD V2,904,8.34M,"1,428,254,191"
399,freekickerz,"1,344",8.32M,"2,158,115,860"
400,НТВ,"42,768",8.31M,"8,172,489,678"
401,Karol Sevilla,243,8.29M,"738,191,240"
402,Kuplinov ► Play,"5,582",8.28M,"3,291,490,060"
403,Goldmines Movies,776,8.27M,"1,288,076,941"
404,ElTrollino,"1,411",8.27M,"2,163,303,909"
405,BRKsEDU,"4,327",8.25M,"1,608,650,984"
406,Muselk,"1,667",8.24M,"3,063,063,414"
407,Warner Bros. Pictures,"2,416",8.24M,"4,729,848,428"
408,Canal Top10,290,8.22M,"850,902,332"
409,Luan Palomera,662,8.22M,"1,142,962,659"
410,The Noite com Danilo Gentili,"7,179",8.2M,"2,294,875,907"
411,Denis,"2,153",8.19M,"3,265,749,570"
412,Matheus e Kauan,54,8.17M,"158,805,361"
413,Ja Mill,495,8.16M,"1,065,032,858"
414,Blippi Español,54,8.15M,"3,385,510,211"
415,Stacy Show,179,8.14M,"2,624,336,029"
416,DANIEL EL TRAVIESO VIDEOS,258,8.13M,"2,906,747,302"
417,Izabela Stress,766,8.11M,"2,638,922,034"
418,Afreim,"2,764",8.08M,"1,187,427,682"
419,Stone Music Entertainment,"5,933",8.06M,"5,758,507,075"
420,littlemixVEVO,155,8.06M,"4,871,582,756"
421,T-Series Regional,"15,470",8.05M,"3,358,347,850"
422,Facts Verse,"2,913",8.04M,"2,550,294,655"
423,Totoykids Español,372,8.04M,"3,081,524,020"
424,Yippee Toys,"1,846",8.01M,"3,445,590,215"
425,rsfriends,"3,167",8M,"5,623,924,239"
426,Desimpedidos,"2,335",7.99M,"1,845,624,907"
427,Dudu Moura,"3,145",7.99M,"2,069,409,810"
428,Power Vision,"1,021",7.97M,"2,436,143,123"
429,iDubbbzTV,271,7.97M,"1,268,725,992"
430,Gameplayrj,"15,464",7.96M,"3,070,342,437"
431,Ninja Kidz TV,159,7.96M,"3,064,213,667"
432,Tom Slime,964,7.95M,"2,553,947,033"
433,Sab kuchh sikho jano,"1,253",7.94M,"665,736,848"
434,Make Joke Of,28,7.94M,"1,007,324,068"
435,Аид [VyacheslavOO],"2,077",7.93M,"3,086,939,826"
436,هل تعلم؟,"1,168",7.91M,"803,929,624"
437,Kylie Jenner,123,7.9M,"391,503,791"
438,SmarterEveryDay,316,7.88M,"719,675,181"
439,TikTak Draw,738,7.87M,"1,346,636,181"
440,Howcast,"22,445",7.86M,"3,928,700,797"
441,TheTalko,"2,577",7.85M,"3,159,973,465"
442,EllieGouldingVEVO,103,7.84M,"5,252,441,533"
443,Bad Lip Reading,98,7.83M,"1,243,154,450"
444,Prince Royce,N/A,7.82M,N/A
445,Sofia Castro,128,7.82M,"542,300,792"
446,Muca Muriçoca,667,7.81M,"923,083,107"
447,DARK SECRETS,111,7.79M,"543,877,324"
448,Team Coco,"8,464",7.77M,"6,596,861,731"
449,Ice Cream Rolls,609,7.75M,"819,746,723"
450,Top Viral Talent,"1,704",7.75M,"4,450,454,386"
451,БЕРИ И ДЕЛАЙ,"3,072",7.74M,"1,482,991,177"
452,Star Casablanca | نجوم الد�…,680,7.74M,"2,914,480,179"
453,Big Marvel,256,7.7M,"987,361,092"
454,LastWeekTonight,299,7.69M,"2,359,762,053"
455,Rae Sremmurd,38,7.68M,"19,967,072"
456,Bollywood Classics,"1,345",7.68M,"3,158,868,729"
457,Vox,"1,134",7.66M,"1,833,239,548"
458,Marzia,6,7.65M,"22,640,677"
459,متع عقلك,"1,641",7.65M,"1,328,674,090"
460,PelucheEn ElEstuche,412,7.65M,"1,210,445,967"
461,Поззи,"2,544",7.64M,"3,855,142,152"
462,Deddy Corbuzier,526,7.63M,"956,797,756"
463,MBCkpop,"36,551",7.62M,"5,480,953,033"
464,Más SKabeche,335,7.61M,"1,106,810,746"
465,Mazhavil Manorama,"40,279",7.61M,"6,323,525,944"
466,karameeshchannel,"2,012",7.6M,"4,285,005,060"
467,Planet Earth INDIA,416,7.59M,"1,028,549,111"
468,Liova and Toys,15,7.57M,"893,991,757"
469,eltrece,"100,906",7.57M,"7,347,184,066"
470,Simply Nailogical,444,7.57M,"1,556,876,181"
471,AWE me,396,7.56M,"868,036,711"
472,Zig & Sharko,541,7.55M,"3,957,528,054"
473,Chotoonz TV - Funny Cartoons for K…,"1,499",7.5M,"4,692,288,464"
474,Thơ Nguyễn,992,7.5M,"4,823,088,232"
475,gymvirtual,950,7.5M,"1,100,543,737"
476,emimusic,302,7.49M,"258,088,401"
477,Sidemen,138,7.48M,"1,317,695,300"
478,Kids Play,240,7.48M,"2,367,241,008"
479,KendrickLamarVEVO,55,7.47M,"2,674,232,512"
480,Monstercat: Uncaged,"1,513",7.47M,"2,561,046,778"
481,LubaTV,"1,131",7.46M,"1,167,410,764"
482,Games EduUu,861,7.45M,"1,770,037,075"
483,Dharma Productions,"1,023",7.43M,"3,207,817,915"
484,Vlad dan Nikita,150,7.43M,"2,295,104,980"
485,Life Hacks & Experiments,613,7.42M,"2,514,440,809"
486,PinkVEVO,149,7.41M,"5,228,985,377"
487,Koo Koo TV - Hindi,437,7.4M,"2,213,137,383"
488,Travis Scott,8,7.39M,"8,326,004"
489,sTaXxCraft,"2,123",7.39M,"1,744,316,292"
490,HAR PAL GEO,"11,521",7.38M,"3,926,220,360"
491,Cartoons for Kids,"4,352",7.36M,"2,647,498,499"
492,Slogo,"3,694",7.34M,"3,402,589,732"
493,Iggy Azalea,2,7.33M,"517,239"
494,Rodrigo F Gamer Respeita,270,7.32M,"439,536,031"
495,Goldmines Housefull,214,7.3M,"911,165,340"
496,Tyler Oakley,612,7.28M,"683,251,884"
497,Vogue,"2,320",7.28M,"1,860,485,647"
498,Calle y Poché,188,7.27M,"533,463,908"
499,The Late Show with Stephen Colbert,"6,424",7.27M,"6,116,994,970"
500,Inside Edition,"19,323",7.26M,"10,666,608,980"
501,7 Minutoz,408,7.25M,"1,514,779,823"
502,Daily Dose Of Internet,145,7.24M,"897,513,844"
503,"せんももあいしーCh Sen, Mo…","2,652",7.24M,"5,351,579,117"
504,Guns N' Roses,1,7.23M,"193,803"
505,Wild 'N Out,682,7.22M,"2,659,265,249"
506,Larva TUBA,"1,825",7.22M,"3,117,093,216"
507,LMFAOVEVO,28,7.21M,"3,804,561,108"
508,YOGSCAST Lewis & Simon,"4,980",7.21M,"4,160,577,505"
509,Los Juguetes de Titi,"1,412",7.2M,"2,990,721,942"
510,Flavia Calina,"1,680",7.19M,"2,453,724,107"
511,Blu Toys Club Surprise,"2,419",7.17M,"8,901,106,598"
512,G-Eazy,211,7.17M,"487,072,545"
513,Vat19,"1,444",7.17M,"6,070,909,547"
514,Hi Gorgeous Anna Layza,515,7.16M,"523,620,914"
515,Nickelodeon,"3,277",7.16M,"3,789,919,379"
516,Princess Bánh Bao,145,7.15M,"1,869,214,385"
517,Come Play With Me,262,7.15M,"6,593,254,964"
518,Study IQ education,"14,821",7.15M,"947,800,303"
519,Bretman Rock,107,7.14M,"404,786,670"
520,Hannah Stocking,137,7.14M,"1,577,377,536"
521,Domics,189,7.14M,"1,032,716,968"
522,Wave Music - Bhakti,"17,617",7.12M,"2,704,829,162"
523,Marcos Piveta,69,7.11M,"376,231,674"
524,Orkun Işıtmak,"1,289",7.1M,"1,775,533,545"
525,Epic Meal Time,853,7.09M,"1,043,221,376"
526,Reik,142,7.09M,"67,271,197"
527,Top Gear,"1,300",7.07M,"2,643,583,885"
528,Zee Music Classic,736,7.07M,"3,035,869,464"
529,João Caetano,"1,180",7.05M,"1,103,713,472"
530,thelonelyisland,126,7.04M,"2,248,926,579"
531,Vania Mania Kids,257,7.03M,"915,501,773"
532,Anne-Marie,74,7.02M,"1,397,579,444"
533,AvrilLavigneVEVO,94,7.01M,"3,991,699,308"
534,Black Eyed Peas,31,6.99M,"69,099,425"
535,WatchMojo Español,"2,374",6.99M,"1,681,147,208"
536,O Canal do Joãozinho - Little Ang…,309,6.98M,"2,351,307,354"
537,Rémi GAILLARD,143,6.98M,"1,755,028,062"
538,Hong Giang DIY Slime,758,6.97M,"1,816,958,420"
539,TheKateClapp,427,6.96M,"825,191,021"
540,Creepypastas Everywhere,419,6.95M,"844,759,035"
541,Brancoala,"1,097",6.94M,"4,319,933,410"
542,TVFilthyFrank,159,6.94M,"1,006,259,284"
543,DreamWorksTV,"4,449",6.92M,"5,357,813,757"
544,Cartoon Network,"4,345",6.9M,"6,234,784,146"
545,Tibo InShape,715,6.89M,"2,034,260,473"
546,Dima Kids TV,192,6.88M,"1,255,926,358"
547,Bhakti Dhara,"5,284",6.88M,"1,371,835,163"
548,Pen Multiplex,"1,701",6.87M,"2,466,734,888"
549,MrLololoshka (Роман Филь�…,"2,210",6.85M,"2,097,126,883"
550,Lenay,"1,214",6.83M,"767,683,342"
551,What's Inside?,288,6.82M,"1,127,815,050"
552,FilterCopy,426,6.81M,"1,662,365,634"
553,Goldmines Dishoom,728,6.81M,"1,693,617,372"
554,icanrockyourworld,8,6.79M,"3,481,497,309"
555,FPSRussia,115,6.79M,"898,894,857"
556,MBC THE VOICE KIDS,584,6.78M,"4,028,891,382"
557,Fran para meninas,"1,571",6.78M,"1,750,229,832"
558,Genieland,"2,418",6.77M,"4,236,352,314"
559,BoomSniper,402,6.75M,"908,766,699"
560,Yao Cabrera,297,6.75M,"662,622,534"
561,Dyler | دايلر,293,6.75M,"901,871,981"
562,JessieJVEVO,77,6.74M,"4,233,982,822"
563,VenomExtreme,"2,539",6.74M,"1,102,360,912"
564,MBCentertainment,"73,161",6.73M,"8,896,566,617"
565,Rubius Z,138,6.73M,"487,621,657"
566,Lil Dicky,53,6.72M,"1,521,904,666"
567,Los Juguetes Son Divertidos,58,6.71M,"1,153,609,288"
568,GMMTV,"9,761",6.71M,"4,758,404,397"
569,AlHayah TV Network,"143,082",6.7M,"3,420,575,789"
570,Knowledge Tv हिन्दी,107,6.7M,"81,367,355"
571,Brooklyn and Bailey,419,6.7M,"1,183,777,115"
572,Mundo da Vivi,374,6.69M,"1,104,702,259"
573,Sebas,198,6.69M,"322,240,911"
574,Screen Junkies,"1,077",6.69M,"2,428,333,109"
575,CGGG,525,6.67M,"761,207,325"
576,Viki Show,468,6.67M,"2,602,699,056"
577,Experimentar En Casa,184,6.65M,"1,238,149,644"
578,iKON,404,6.64M,"1,551,722,114"
579,PortugaPC,"1,641",6.63M,"958,445,181"
580,LIV Kids Hindi,"2,229",6.63M,"3,898,193,091"
581,Strawberry Jam Toys,772,6.62M,"2,776,601,610"
582,LIL UZI VERT,113,6.62M,"1,822,861,460"
583,iHasCupquake,"4,372",6.62M,"2,755,191,489"
584,Think Music India,"2,871",6.62M,"4,159,857,529"
585,MTV,"4,821",6.61M,"1,650,045,325"
586,Ceeday,391,6.61M,"1,073,404,463"
587,Zee Tamil,"44,614",6.59M,"3,909,269,907"
588,Eagle Home Entertainments,"19,324",6.59M,"1,976,539,075"
589,Lama Faché,989,6.57M,"1,424,182,381"
590,Sasha Spilberg,348,6.56M,"1,040,030,150"
591,As Aventuras de Poliana,"1,514",6.55M,"2,383,853,482"
592,TWICE,295,6.55M,"705,316,920"
593,Vidya Vox,43,6.54M,"753,829,967"
594,DJSnakeVEVO,40,6.53M,"5,095,888,841"
595,8D TUNES,264,6.53M,"429,958,350"
596,TimOn ChaveS,721,6.53M,"1,110,221,116"
597,OYUNCAKOYNUYORUM,665,6.52M,"4,231,429,956"
598,Papa Jake,"3,615",6.52M,"1,575,112,341"
599,Daniel Howell,130,6.51M,"659,912,231"
600,21 Savage,98,6.5M,"1,653,849,645"
601,KINGCOOK MWW,N/A,6.5M,N/A
602,DisneyChannelLAVEVO,269,6.49M,"3,261,249,816"
603,Ceylin - H Official,343,6.49M,"2,949,179,328"
604,Dynamo Gaming,"1,185",6.49M,"469,146,056"
605,Zuni and Family,132,6.48M,"1,659,998,368"
606,TheShooterCoC,315,6.47M,"562,970,732"
607,Naisa Alifia Yuriza (N.A.Y),311,6.47M,"368,883,723"
608,Flow La Movie,45,6.46M,"2,753,155,807"
609,123 GO! Spanish,83,6.45M,"1,741,857,542"
610,قناة منوعات الكومي…,147,6.45M,"1,831,928,947"
611,حول العالم !؟,512,6.43M,"717,521,186"
612,News Tak,"19,822",6.42M,"1,736,812,255"
613,Kafalar,329,6.41M,"1,278,160,008"
614,Funketon,498,6.41M,"1,762,015,681"
615,NFL,"17,973",6.41M,"4,150,749,011"
616,MR. INDIAN HACKER,416,6.4M,"885,307,550"
617,Disney Junior,"2,050",6.39M,"4,923,006,095"
618,TobyGames,"5,160",6.39M,"2,046,236,758"
619,Fe4RLess,176,6.38M,"818,633,806"
620,Belgas TV,"1,117",6.38M,"706,490,043"
621,Power Rangers Official,"3,527",6.37M,"4,053,139,954"
622,Zee Telugu,"78,247",6.37M,"4,408,947,091"
623,O Reino Infantil,597,6.36M,"3,684,812,474"
624,UKF Dubstep,"1,146",6.36M,"1,952,518,636"
625,elcarteldesantatv,284,6.36M,"2,574,432,840"
626,Kabita's Kitchen,775,6.35M,"959,537,461"
627,5-Minute Crafts TEENS,721,6.34M,"1,392,593,737"
628,RCM Music Bhojpuri,"8,827",6.34M,"2,026,072,016"
629,Venus Bhojpuri,575,6.34M,"1,726,726,796"
630,Basim Karbalaei / باسم الك�…,971,6.32M,"1,969,890,954"
631,Piso 21,75,6.32M,"4,482,419,489"
632,Sandaroo Kids,"3,285",6.31M,"7,107,938,955"
633,D&B Studio,228,6.3M,"1,636,397,281"
634,Oum Walid,"1,038",6.3M,"1,349,449,215"
635,مصطفى GAME OVER,698,6.29M,"1,805,038,820"
636,platinumrecordsmusic,486,6.29M,"3,110,937,549"
637,TAE,"1,836",6.27M,"1,266,512,981"
638,Yair17,627,6.27M,"540,053,773"
639,Gabbie Hanna,355,6.27M,"1,081,591,041"
640,TomSka,165,6.27M,"1,560,938,416"
641,Sonotek Punjabi,"1,148",6.26M,"2,041,046,288"
642,Toymong tv 토이몽TV,"1,397",6.23M,"2,440,175,483"
643,Jugnu Kids - Nursery Rhymes and Be…,544,6.23M,"2,436,820,166"
644,Yoga With Adriene,551,6.23M,"522,750,155"
645,Dr. Sandra Lee (aka Dr. Pimple Pop…,"1,021",6.22M,"1,857,325,773"
646,КЛИККЛАК,248,6.22M,"880,760,728"
647,Shemaroo Comedy,"1,227",6.22M,"1,763,922,479"
648,Fun Kids House,"1,070",6.21M,"1,819,692,653"
649,SurpriseJoe,130,6.21M,"1,707,659,755"
650,Ksysha Kids TV,132,6.2M,"1,538,094,885"
651,Carli Bybel,563,6.19M,"612,553,518"
652,ZaynVEVO,67,6.19M,"3,042,408,874"
653,TeluguOne,"37,079",6.18M,"3,870,322,218"
654,Amixem,477,6.16M,"1,396,422,499"
655,Call of Duty,"1,332",6.15M,"1,017,052,476"
656,DeGoBooM,"2,008",6.15M,"1,866,249,838"
657,Cat Music,"1,988",6.15M,"6,107,191,104"
658,AWESMR kids,"2,383",6.14M,"4,208,469,807"
659,Don Omar,112,6.13M,"340,025,943"
660,Sonotek Music,806,6.13M,"1,425,104,910"
661,iGAMING TV,58,6.13M,"1,556,496,125"
662,ChrisFix,328,6.12M,"888,228,289"
663,Painzeiro,328,6.11M,"629,290,450"
664,MILENINHA,843,6.11M,"1,152,918,079"
665,SciShow,"2,245",6.11M,"1,179,273,219"
666,Jane ASMR 제인,669,6.1M,"1,515,985,610"
667,PlayToys,943,6.09M,"2,635,446,946"
668,Jon Vlogs,801,6.09M,"672,701,107"
669,Disney Junior LA,"1,622",6.08M,"3,357,829,919"
670,เรื่องเล่าเ�…,"75,781",6.08M,"3,996,286,575"
671,Guinness World Records,"1,246",6.07M,"1,038,149,298"
672,kemas pake z,589,6.06M,"516,694,688"
673,Cartoon Network LA,"2,133",6.06M,"1,642,760,881"
674,Matheus Mazzafera,"1,835",6.05M,"878,000,670"
675,Reynmen,39,6.05M,"911,687,117"
676,Gorillaz,187,6.05M,"2,264,160,196"
677,Netflix Latinoamérica,"1,744",6.04M,"398,046,543"
678,CantaJuegoVEVO,458,6.04M,"4,331,585,476"
679,BakLol Video,162,6.04M,"1,271,374,471"
680,Zach King,318,6.04M,"439,099,234"
681,Popular on YouTube - Brazil,N/A,6.03M,N/A
682,alanzoka,"2,834",6.03M,"1,111,678,700"
683,AVRprankTV,90,6.02M,"646,209,253"
684,BanderitaX,"1,047",6.02M,"1,216,198,086"
685,JonTronShow,117,6.01M,"928,333,851"
686,YourHealth,501,6M,"560,198,468"
687,malena010102,"3,543",6M,"993,109,131"
688,MaJa Tv Moral Stories Fairy Tales,175,5.99M,"1,745,102,967"
689,SnoopDoggTV,"1,514",5.99M,"871,012,896"
690,DjMaRiiO,"2,417",5.98M,"1,959,882,031"
691,KanalD,"16,410",5.97M,"8,001,067,086"
692,Nirahua Music World,543,5.97M,"3,043,104,139"
693,Funny Vines,98,5.96M,"1,809,568,837"
694,Andrea Zuñiga,70,5.95M,"225,357,041"
695,Esporte Interativo,"25,641",5.95M,"1,346,809,241"
696,BBC News Hindi,"6,158",5.94M,"1,343,263,036"
697,dope2111,244,5.94M,"1,648,725,702"
698,BETO GAMER,"2,565",5.93M,"1,281,187,245"
699,XtremeGamez,155,5.93M,"431,194,941"
700,KjraGaming,"2,203",5.92M,"3,137,233,601"
701,Senya Toys Review,72,5.91M,"844,213,922"
702,KimShantal,77,5.91M,"240,244,026"
703,PrinceRoyceVEVO,133,5.9M,"3,829,373,192"
704,News24,"65,112",5.89M,"1,312,386,603"
705,Coby Persin,108,5.88M,"1,063,731,634"
706,Jaclyn Hill,352,5.87M,"546,596,173"
707,Сыендук,221,5.87M,"1,173,645,251"
708,LanaDelReyVEVO,50,5.86M,"2,993,888,500"
709,alpha m.,"1,229",5.86M,"897,525,128"
710,Vanh Leg,61,5.86M,"1,322,483,987"
711,The Voice Global,443,5.85M,"1,480,976,110"
712,Naiara Azevedo,144,5.85M,"1,889,057,315"
713,Unspeakable,407,5.85M,"1,806,581,518"
714,Bajan Canadian,"4,276",5.84M,"1,866,430,615"
715,Kid Studio,29,5.84M,"1,054,597,164"
716,Shroud,837,5.83M,"620,681,827"
717,ToysYJuguetesTV,67,5.82M,"1,629,762"
